circuit,qubit_count,channel,param,depth,fidelity,success_probability,error_rate
bell_phi_plus,2,bit_flip,0.0,1,0.9999999999999998,1.0,0.0
bell_phi_plus,2,bit_flip,0.1,1,0.8199999999999991,0.808837890625,0.191162109375
bell_phi_plus,2,bit_flip,0.2,1,0.6799999999999997,0.66943359375,0.33056640625
bell_phi_plus,2,bit_flip,0.3,1,0.5800000000000001,0.570556640625,0.429443359375
bell_phi_plus,2,bit_flip,0.4,1,0.5199999999999999,0.512451171875,0.487548828125
bell_phi_plus,2,bit_flip,0.5,1,0.5000000000000003,0.489501953125,0.510498046875
bell_phi_plus,2,bit_flip,0.6,1,0.5199999999999999,0.512451171875,0.487548828125
bell_phi_plus,2,bit_flip,0.7,1,0.5800000000000001,0.570556640625,0.429443359375
bell_phi_plus,2,bit_flip,0.8,1,0.6799999999999993,0.66943359375,0.33056640625
bell_phi_plus,2,bit_flip,0.9,1,0.8199999999999991,0.808837890625,0.191162109375
bell_phi_plus,2,bit_flip,1.0,1,0.9999999999999998,1.0,0.0
bell_phi_plus,2,phase_flip,0.0,1,0.9999999999999998,1.0,0.0
bell_phi_plus,2,phase_flip,0.1,1,0.820000006808019,1.0,0.0
bell_phi_plus,2,phase_flip,0.2,1,0.680000008266222,1.0,0.0
bell_phi_plus,2,phase_flip,0.3,1,0.5800000087461364,1.0,0.0
bell_phi_plus,2,phase_flip,0.4,1,0.5200000088531924,1.0,0.0
bell_phi_plus,2,phase_flip,0.5,1,0.5000000088602835,1.0,0.0
bell_phi_plus,2,phase_flip,0.6,1,0.5200000088531924,1.0,0.0
bell_phi_plus,2,phase_flip,0.7,1,0.5800000087461364,1.0,0.0
bell_phi_plus,2,phase_flip,0.8,1,0.680000008266222,1.0,0.0
bell_phi_plus,2,phase_flip,0.9,1,0.820000006808019,1.0,0.0
bell_phi_plus,2,phase_flip,1.0,1,0.9999999999999998,1.0,0.0
bell_phi_plus,2,depolarizing,0.0,1,0.9999999999999998,1.0,0.0
bell_phi_plus,2,depolarizing,0.1,1,0.8575000035763618,0.900390625,0.099609375
bell_phi_plus,2,depolarizing,0.2,1,0.730000004542138,0.808837890625,0.191162109375
bell_phi_plus,2,depolarizing,0.3,1,0.6175000049722297,0.73876953125,0.26123046875
bell_phi_plus,2,depolarizing,0.4,1,0.5200000051113929,0.66943359375,0.33056640625
bell_phi_plus,2,depolarizing,0.5,1,0.43750000507536513,0.615478515625,0.384521484375
bell_phi_plus,2,depolarizing,0.6,1,0.3700000049395581,0.570556640625,0.429443359375
bell_phi_plus,2,depolarizing,0.7,1,0.3175000047625569,0.537353515625,0.462646484375
bell_phi_plus,2,depolarizing,0.8,1,0.2800000045936956,0.512451171875,0.487548828125
bell_phi_plus,2,depolarizing,0.9,1,0.2575000044735657,0.49462890625,0.50537109375
bell_phi_plus,2,depolarizing,1.0,1,0.2500000044301416,0.489501953125,0.510498046875
bell_phi_plus,2,amplitude_damping,0.0,1,0.9999999999999998,1.0,0.0
bell_phi_plus,2,amplitude_damping,0.1,1,0.905000000797425,0.90478515625,0.09521484375
bell_phi_plus,2,amplitude_damping,0.2,1,0.820000001417645,0.831787109375,0.168212890625
bell_phi_plus,2,amplitude_damping,0.3,1,0.7450000018606595,0.783935546875,0.216064453125
bell_phi_plus,2,amplitude_damping,0.4,1,0.6800000021264673,0.75048828125,0.24951171875
bell_phi_plus,2,amplitude_damping,0.5,1,0.6250000022150712,0.7421875,0.2578125
bell_phi_plus,2,amplitude_damping,0.6,1,0.5800000021264683,0.7587890625,0.2412109375
bell_phi_plus,2,amplitude_damping,0.7,1,0.5450000018606598,0.790283203125,0.209716796875
bell_phi_plus,2,amplitude_damping,0.8,1,0.5200000014176456,0.846923828125,0.153076171875
bell_phi_plus,2,amplitude_damping,0.9,1,0.505000000797425,0.916259765625,0.083740234375
bell_phi_plus,2,amplitude_damping,1.0,1,0.4999999999999999,1.0,0.0
bell_phi_plus,2,phase_damping,0.0,1,0.9999999999999998,1.0,0.0
bell_phi_plus,2,phase_damping,0.1,1,0.9500000038621081,1.0,0.0
bell_phi_plus,2,phase_damping,0.2,1,0.9000000053161693,1.0,0.0
bell_phi_plus,2,phase_damping,0.3,1,0.850000006327507,1.0,0.0
bell_phi_plus,2,phase_damping,0.4,1,0.800000007088227,1.0,0.0
bell_phi_plus,2,phase_damping,0.5,1,0.7500000076732304,1.0,0.0
bell_phi_plus,2,phase_damping,0.6,1,0.7000000081205838,1.0,0.0
bell_phi_plus,2,phase_damping,0.7,1,0.6500000084521721,1.0,0.0
bell_phi_plus,2,phase_damping,0.8,1,0.6000000086812687,1.0,0.0
bell_phi_plus,2,phase_damping,0.9,1,0.5500000088158705,1.0,0.0
bell_phi_plus,2,phase_damping,1.0,1,0.5000000088602834,1.0,0.0
bell_phi_plus,2,bit_flip,0.0,2,0.9999999999999998,1.0,0.0
bell_phi_plus,2,bit_flip,0.1,2,0.7047999999999995,0.69384765625,0.30615234375
bell_phi_plus,2,bit_flip,0.2,2,0.5647999999999996,0.55517578125,0.44482421875
bell_phi_plus,2,bit_flip,0.3,2,0.5127999999999999,0.50341796875,0.49658203125
bell_phi_plus,2,bit_flip,0.4,2,0.5007999999999999,0.490234375,0.509765625
bell_phi_plus,2,bit_flip,0.5,2,0.5000000000000002,0.489501953125,0.510498046875
bell_phi_plus,2,bit_flip,0.6,2,0.5007999999999999,0.490234375,0.509765625
bell_phi_plus,2,bit_flip,0.7,2,0.5128000000000006,0.50341796875,0.49658203125
bell_phi_plus,2,bit_flip,0.8,2,0.5647999999999996,0.55517578125,0.44482421875
bell_phi_plus,2,bit_flip,0.9,2,0.7047999999999995,0.69384765625,0.30615234375
bell_phi_plus,2,bit_flip,1.0,2,0.9999999999999998,1.0,0.0
bell_phi_plus,2,phase_flip,0.0,2,0.9999999999999998,1.0,0.0
bell_phi_plus,2,phase_flip,0.1,2,0.7048000080829273,1.0,0.0
bell_phi_plus,2,phase_flip,0.2,2,0.5648000087855586,1.0,0.0
bell_phi_plus,2,phase_flip,0.3,2,0.5128000088573792,1.0,0.0
bell_phi_plus,2,phase_flip,0.4,2,0.5008000088602724,1.0,0.0
bell_phi_plus,2,phase_flip,0.5,2,0.5000000088602838,1.0,0.0
bell_phi_plus,2,phase_flip,0.6,2,0.5008000088602724,1.0,0.0
bell_phi_plus,2,phase_flip,0.7,2,0.5128000088573802,1.0,0.0
bell_phi_plus,2,phase_flip,0.8,2,0.5648000087855586,1.0,0.0
bell_phi_plus,2,phase_flip,0.9,2,0.7048000080829273,1.0,0.0
bell_phi_plus,2,phase_flip,1.0,2,0.9999999999999998,1.0,0.0
bell_phi_plus,2,depolarizing,0.0,2,0.9999999999999998,1.0,0.0
bell_phi_plus,2,depolarizing,0.1,2,0.7420750044759751,0.818359375,0.181640625
bell_phi_plus,2,depolarizing,0.2,2,0.5572000050819025,0.69384765625,0.30615234375
bell_phi_plus,2,depolarizing,0.3,2,0.43007500506521473,0.610595703125,0.389404296875
bell_phi_plus,2,depolarizing,0.4,2,0.3472000048707619,0.55517578125,0.44482421875
bell_phi_plus,2,depolarizing,0.5,2,0.29687500467433764,0.525634765625,0.474365234375
bell_phi_plus,2,depolarizing,0.6,2,0.26920000453788806,0.50341796875,0.49658203125
bell_phi_plus,2,depolarizing,0.7,2,0.25607500446544934,0.492919921875,0.507080078125
bell_phi_plus,2,depolarizing,0.8,2,0.2512000044372069,0.490234375,0.509765625
bell_phi_plus,2,depolarizing,0.9,2,0.25007500443058445,0.489501953125,0.510498046875
bell_phi_plus,2,depolarizing,1.0,2,0.2500000044301416,0.489501953125,0.510498046875
bell_phi_plus,2,amplitude_damping,0.0,2,0.9999999999999998,1.0,0.0
bell_phi_plus,2,amplitude_damping,0.1,2,0.8280500013635974,0.8388671875,0.1611328125
bell_phi_plus,2,amplitude_damping,0.2,2,0.7048000020414085,0.75927734375,0.24072265625
bell_phi_plus,2,amplitude_damping,0.3,2,0.6200500022141844,0.738525390625,0.261474609375
bell_phi_plus,2,amplitude_damping,0.4,2,0.5648000020414095,0.765869140625,0.234130859375
bell_phi_plus,2,amplitude_damping,0.5,2,0.5312500016613034,0.814453125,0.185546875
bell_phi_plus,2,amplitude_damping,0.6,2,0.512800001190822,0.870361328125,0.129638671875
bell_phi_plus,2,amplitude_damping,0.7,2,0.5040500007256571,0.923583984375,0.076416015625
bell_phi_plus,2,amplitude_damping,0.8,2,0.500800000340235,0.96240234375,0.03759765625
bell_phi_plus,2,amplitude_damping,0.9,2,0.5000500000877166,0.989013671875,0.010986328125
bell_phi_plus,2,amplitude_damping,1.0,2,0.4999999999999999,1.0,0.0
bell_phi_plus,2,phase_damping,0.0,2,0.9999999999999998,1.0,0.0
bell_phi_plus,2,phase_damping,0.1,2,0.905000005195934,1.0,0.0
bell_phi_plus,2,phase_damping,0.2,2,0.8200000068080192,1.0,0.0
bell_phi_plus,2,phase_damping,0.3,2,0.7450000077237076,1.0,0.0
bell_phi_plus,2,phase_damping,0.4,2,0.6800000082662214,1.0,0.0
bell_phi_plus,2,phase_damping,0.5,2,0.625000008578932,1.0,0.0
bell_phi_plus,2,phase_damping,0.6,2,0.5800000087461364,1.0,0.0
bell_phi_plus,2,phase_damping,0.7,2,0.5450000088243263,1.0,0.0
bell_phi_plus,2,phase_damping,0.8,2,0.520000008853192,1.0,0.0
bell_phi_plus,2,phase_damping,0.9,2,0.5050000088598401,1.0,0.0
bell_phi_plus,2,phase_damping,1.0,2,0.5000000088602834,1.0,0.0
bell_phi_plus,2,bit_flip,0.0,4,0.9999999999999998,1.0,0.0
bell_phi_plus,2,bit_flip,0.1,4,0.5838860799999993,0.5732421875,0.4267578125
bell_phi_plus,2,bit_flip,0.2,4,0.5083980799999992,0.49853515625,0.50146484375
bell_phi_plus,2,bit_flip,0.3,4,0.5003276799999997,0.489501953125,0.510498046875
bell_phi_plus,2,bit_flip,0.4,4,0.5000012800000003,0.489501953125,0.510498046875
bell_phi_plus,2,bit_flip,0.5,4,0.5000000000000009,0.489501953125,0.510498046875
bell_phi_plus,2,bit_flip,0.6,4,0.5000012800000003,0.489501953125,0.510498046875
bell_phi_plus,2,bit_flip,0.7,4,0.5003276800000004,0.489501953125,0.510498046875
bell_phi_plus,2,bit_flip,0.8,4,0.5083980799999991,0.49853515625,0.50146484375
bell_phi_plus,2,bit_flip,0.9,4,0.5838860799999993,0.5732421875,0.4267578125
bell_phi_plus,2,bit_flip,1.0,4,0.9999999999999998,1.0,0.0
bell_phi_plus,2,phase_flip,0.0,4,0.9999999999999998,1.0,0.0
bell_phi_plus,2,phase_flip,0.1,4,0.5838860887346957,1.0,0.0
bell_phi_plus,2,phase_flip,0.2,4,0.5083980888590331,1.0,0.0
bell_phi_plus,2,phase_flip,0.3,4,0.5003276888602814,1.0,0.0
bell_phi_plus,2,phase_flip,0.4,4,0.5000012888602832,1.0,0.0
bell_phi_plus,2,phase_flip,0.5,4,0.5000000088602843,1.0,0.0
bell_phi_plus,2,phase_flip,0.6,4,0.5000012888602832,1.0,0.0
bell_phi_plus,2,phase_flip,0.7,4,0.5003276888602822,1.0,0.0
bell_phi_plus,2,phase_flip,0.8,4,0.5083980888590331,1.0,0.0
bell_phi_plus,2,phase_flip,0.9,4,0.5838860887346957,1.0,0.0
bell_phi_plus,2,phase_flip,1.0,4,0.9999999999999998,1.0,0.0
bell_phi_plus,2,depolarizing,0.0,4,0.9999999999999998,1.0,0.0
bell_phi_plus,2,depolarizing,0.1,4,0.5728504125608979,0.705810546875,0.294189453125
bell_phi_plus,2,depolarizing,0.2,4,0.37582912495523174,0.5732421875,0.4267578125
bell_phi_plus,2,depolarizing,0.3,4,0.2932360121576069,0.521484375,0.478515625
bell_phi_plus,2,depolarizing,0.4,4,0.2625971245020922,0.49853515625,0.50146484375
bell_phi_plus,2,depolarizing,0.5,4,0.25292969194731263,0.4912109375,0.5087890625
bell_phi_plus,2,depolarizing,0.6,4,0.2504915244330413,0.489501953125,0.510498046875
bell_phi_plus,2,depolarizing,0.7,4,0.25004921193043245,0.489501953125,0.510498046875
bell_phi_plus,2,depolarizing,0.8,4,0.25000192443015273,0.489501953125,0.510498046875
bell_phi_plus,2,depolarizing,0.9,4,0.25000001193014126,0.489501953125,0.510498046875
bell_phi_plus,2,depolarizing,1.0,4,0.2500000044301416,0.489501953125,0.510498046875
bell_phi_plus,2,amplitude_damping,0.0,4,0.9999999999999998,1.0,0.0
bell_phi_plus,2,amplitude_damping,0.1,4,0.7152336069991699,0.76416015625,0.23583984375
bell_phi_plus,2,amplitude_damping,0.2,4,0.5838860821426629,0.75390625,0.24609375
bell_phi_plus,2,amplitude_damping,0.3,4,0.5288240066165759,0.822021484375,0.177978515625
bell_phi_plus,2,amplitude_damping,0.4,4,0.5083980809994739,0.894775390625,0.105224609375
bell_phi_plus,2,amplitude_damping,0.5,4,0.5019531255191573,0.9453125,0.0546875
bell_phi_plus,2,amplitude_damping,0.6,4,0.5003276802210165,0.974853515625,0.025146484375
bell_phi_plus,2,amplitude_damping,0.7,4,0.500032805071187,0.99169921875,0.00830078125
bell_phi_plus,2,amplitude_damping,0.8,4,0.5000012800141538,0.9990234375,0.0009765625
bell_phi_plus,2,amplitude_damping,0.9,4,0.500000005000886,1.0,0.0
bell_phi_plus,2,amplitude_damping,1.0,4,0.4999999999999999,1.0,0.0
bell_phi_plus,2,phase_damping,0.0,4,0.9999999999999998,1.0,0.0
bell_phi_plus,2,phase_damping,0.1,4,0.8280500066866248,1.0,0.0
bell_phi_plus,2,phase_damping,0.2,4,0.7048000080829284,1.0,0.0
bell_phi_plus,2,phase_damping,0.3,4,0.6200500086011037,1.0,0.0
bell_phi_plus,2,phase_damping,0.4,4,0.5648000087855591,1.0,0.0
bell_phi_plus,2,phase_damping,0.5,4,0.5312500088429613,1.0,0.0
bell_phi_plus,2,phase_damping,0.6,4,0.5128000088573799,1.0,0.0
bell_phi_plus,2,phase_damping,0.7,4,0.5040500088599934,1.0,0.0
bell_phi_plus,2,phase_damping,0.8,4,0.500800008860272,1.0,0.0
bell_phi_plus,2,phase_damping,0.9,4,0.5000500088602831,1.0,0.0
bell_phi_plus,2,phase_damping,1.0,4,0.5000000088602834,1.0,0.0
bell_phi_plus,2,bit_flip,0.0,8,0.9999999999999998,1.0,0.0
bell_phi_plus,2,bit_flip,0.1,8,0.5140737488355319,0.504638671875,0.495361328125
bell_phi_plus,2,bit_flip,0.2,8,0.500141055495372,0.489501953125,0.510498046875
bell_phi_plus,2,bit_flip,0.3,8,0.5000002147483645,0.489501953125,0.510498046875
bell_phi_plus,2,bit_flip,0.4,8,0.5000000000032775,0.489501953125,0.510498046875
bell_phi_plus,2,bit_flip,0.5,8,0.5000000000000013,0.489501953125,0.510498046875
bell_phi_plus,2,bit_flip,0.6,8,0.5000000000032775,0.489501953125,0.510498046875
bell_phi_plus,2,bit_flip,0.7,8,0.5000002147483658,0.489501953125,0.510498046875
bell_phi_plus,2,bit_flip,0.8,8,0.5001410554953712,0.489501953125,0.510498046875
bell_phi_plus,2,bit_flip,0.9,8,0.5140737488355317,0.504638671875,0.495361328125
bell_phi_plus,2,bit_flip,1.0,8,0.9999999999999998,1.0,0.0
bell_phi_plus,2,phase_flip,0.0,8,0.9999999999999998,1.0,0.0
bell_phi_plus,2,phase_flip,0.1,8,0.5140737576923048,1.0,0.0
bell_phi_plus,2,phase_flip,0.2,8,0.5001410643556548,1.0,0.0
bell_phi_plus,2,phase_flip,0.3,8,0.5000002236086478,1.0,0.0
bell_phi_plus,2,phase_flip,0.4,8,0.5000000088635602,1.0,0.0
bell_phi_plus,2,phase_flip,0.5,8,0.5000000088602851,1.0,0.0
bell_phi_plus,2,phase_flip,0.6,8,0.5000000088635602,1.0,0.0
bell_phi_plus,2,phase_flip,0.7,8,0.5000002236086497,1.0,0.0
bell_phi_plus,2,phase_flip,0.8,8,0.5001410643556548,1.0,0.0
bell_phi_plus,2,phase_flip,0.9,8,0.5140737576923048,1.0,0.0
bell_phi_plus,2,phase_flip,1.0,8,0.9999999999999998,1.0,0.0
bell_phi_plus,2,depolarizing,0.0,8,0.9999999999999998,1.0,0.0
bell_phi_plus,2,depolarizing,0.1,8,0.38897651915167214,0.585205078125,0.414794921875
bell_phi_plus,2,depolarizing,0.2,8,0.2711106278013059,0.504638671875,0.495361328125
bell_phi_plus,2,depolarizing,0.3,8,0.2524924742374865,0.490966796875,0.509033203125
bell_phi_plus,2,depolarizing,0.4,8,0.2502115876744502,0.489501953125,0.510498046875
bell_phi_plus,2,depolarizing,0.5,8,0.2500114485220068,0.489501953125,0.510498046875
bell_phi_plus,2,depolarizing,0.6,8,0.2500003265526913,0.489501953125,0.510498046875
bell_phi_plus,2,depolarizing,0.7,8,0.25000000765864633,0.489501953125,0.510498046875
bell_phi_plus,2,depolarizing,0.8,8,0.2500000044350562,0.489501953125,0.510498046875
bell_phi_plus,2,depolarizing,0.9,8,0.2500000044301408,0.489501953125,0.510498046875
bell_phi_plus,2,depolarizing,1.0,8,0.2500000044301416,0.489501953125,0.510498046875
bell_phi_plus,2,amplitude_damping,0.0,8,0.9999999999999998,1.0,0.0
bell_phi_plus,2,amplitude_damping,0.1,8,0.5926510116148255,0.752685546875,0.247314453125
bell_phi_plus,2,amplitude_damping,0.2,8,0.5140737500726466,0.866943359375,0.133056640625
bell_phi_plus,2,amplitude_damping,0.3,8,0.5016616470098128,0.948486328125,0.051513671875
bell_phi_plus,2,amplitude_damping,0.4,8,0.5001410556416923,0.981689453125,0.018310546875
bell_phi_plus,2,amplitude_damping,0.5,8,0.5000076294290067,0.996826171875,0.003173828125
bell_phi_plus,2,amplitude_damping,0.6,8,0.5000002147541678,0.99951171875,0.00048828125
bell_phi_plus,2,amplitude_damping,0.7,8,0.5000000021529174,1.0,0.0
bell_phi_plus,2,amplitude_damping,0.8,8,0.5000000000032995,1.0,0.0
bell_phi_plus,2,amplitude_damping,0.9,8,0.5000000000000001,1.0,0.0
bell_phi_plus,2,amplitude_damping,1.0,8,0.4999999999999999,1.0,0.0
bell_phi_plus,2,phase_damping,0.0,8,0.9999999999999998,1.0,0.0
bell_phi_plus,2,phase_damping,0.1,8,0.7152336129973461,1.0,0.0
bell_phi_plus,2,phase_damping,0.2,8,0.5838860887346948,1.0,0.0
bell_phi_plus,2,phase_damping,0.3,8,0.5288240138455481,1.0,0.0
bell_phi_plus,2,phase_damping,0.4,8,0.5083980888590338,1.0,0.0
bell_phi_plus,2,phase_damping,0.5,8,0.5019531338602167,1.0,0.0
bell_phi_plus,2,phase_damping,0.6,8,0.5003276888602814,1.0,0.0
bell_phi_plus,2,phase_damping,0.7,8,0.5000328138602841,1.0,0.0
bell_phi_plus,2,phase_damping,0.8,8,0.5000012888602829,1.0,0.0
bell_phi_plus,2,phase_damping,0.9,8,0.5000000138602829,1.0,0.0
bell_phi_plus,2,phase_damping,1.0,8,0.5000000088602834,1.0,0.0
ghz,2,bit_flip,0.0,1,0.9999999999999998,1.0,0.0
ghz,2,bit_flip,0.1,1,0.8199999999999991,0.808837890625,0.191162109375
ghz,2,bit_flip,0.2,1,0.6799999999999997,0.66943359375,0.33056640625
ghz,2,bit_flip,0.3,1,0.5800000000000001,0.570556640625,0.429443359375
ghz,2,bit_flip,0.4,1,0.5199999999999999,0.512451171875,0.487548828125
ghz,2,bit_flip,0.5,1,0.5000000000000003,0.489501953125,0.510498046875
ghz,2,phase_flip,0.0,1,0.9999999999999998,1.0,0.0
ghz,2,phase_flip,0.1,1,0.820000006808019,1.0,0.0
ghz,2,phase_flip,0.2,1,0.680000008266222,1.0,0.0
ghz,2,phase_flip,0.3,1,0.5800000087461364,1.0,0.0
ghz,2,phase_flip,0.4,1,0.5200000088531924,1.0,0.0
ghz,2,phase_flip,0.5,1,0.5000000088602835,1.0,0.0
ghz,2,depolarizing,0.0,1,0.9999999999999998,1.0,0.0
ghz,2,depolarizing,0.1,1,0.8575000035763618,0.900390625,0.099609375
ghz,2,depolarizing,0.2,1,0.730000004542138,0.808837890625,0.191162109375
ghz,2,depolarizing,0.3,1,0.6175000049722297,0.73876953125,0.26123046875
ghz,2,depolarizing,0.4,1,0.5200000051113929,0.66943359375,0.33056640625
ghz,2,depolarizing,0.5,1,0.43750000507536513,0.615478515625,0.384521484375
ghz,2,amplitude_damping,0.0,1,0.9999999999999998,1.0,0.0
ghz,2,amplitude_damping,0.1,1,0.905000000797425,0.90478515625,0.09521484375
ghz,2,amplitude_damping,0.2,1,0.820000001417645,0.831787109375,0.168212890625
ghz,2,amplitude_damping,0.3,1,0.7450000018606595,0.783935546875,0.216064453125
ghz,2,amplitude_damping,0.4,1,0.6800000021264673,0.75048828125,0.24951171875
ghz,2,amplitude_damping,0.5,1,0.6250000022150712,0.7421875,0.2578125
ghz,2,phase_damping,0.0,1,0.9999999999999998,1.0,0.0
ghz,2,phase_damping,0.1,1,0.9500000038621081,1.0,0.0
ghz,2,phase_damping,0.2,1,0.9000000053161693,1.0,0.0
ghz,2,phase_damping,0.3,1,0.850000006327507,1.0,0.0
ghz,2,phase_damping,0.4,1,0.800000007088227,1.0,0.0
ghz,2,phase_damping,0.5,1,0.7500000076732304,1.0,0.0
ghz,2,bit_flip,0.0,2,0.9999999999999998,1.0,0.0
ghz,2,bit_flip,0.1,2,0.7047999999999995,0.69384765625,0.30615234375
ghz,2,bit_flip,0.2,2,0.5647999999999996,0.55517578125,0.44482421875
ghz,2,bit_flip,0.3,2,0.5127999999999999,0.50341796875,0.49658203125
ghz,2,bit_flip,0.4,2,0.5007999999999999,0.490234375,0.509765625
ghz,2,bit_flip,0.5,2,0.5000000000000002,0.489501953125,0.510498046875
ghz,2,phase_flip,0.0,2,0.9999999999999998,1.0,0.0
ghz,2,phase_flip,0.1,2,0.7048000080829273,1.0,0.0
ghz,2,phase_flip,0.2,2,0.5648000087855586,1.0,0.0
ghz,2,phase_flip,0.3,2,0.5128000088573792,1.0,0.0
ghz,2,phase_flip,0.4,2,0.5008000088602724,1.0,0.0
ghz,2,phase_flip,0.5,2,0.5000000088602838,1.0,0.0
ghz,2,depolarizing,0.0,2,0.9999999999999998,1.0,0.0
ghz,2,depolarizing,0.1,2,0.7420750044759751,0.818359375,0.181640625
ghz,2,depolarizing,0.2,2,0.5572000050819025,0.69384765625,0.30615234375
ghz,2,depolarizing,0.3,2,0.43007500506521473,0.610595703125,0.389404296875
ghz,2,depolarizing,0.4,2,0.3472000048707619,0.55517578125,0.44482421875
ghz,2,depolarizing,0.5,2,0.29687500467433764,0.525634765625,0.474365234375
ghz,2,amplitude_damping,0.0,2,0.9999999999999998,1.0,0.0
ghz,2,amplitude_damping,0.1,2,0.8280500013635974,0.8388671875,0.1611328125
ghz,2,amplitude_damping,0.2,2,0.7048000020414085,0.75927734375,0.24072265625
ghz,2,amplitude_damping,0.3,2,0.6200500022141844,0.738525390625,0.261474609375
ghz,2,amplitude_damping,0.4,2,0.5648000020414095,0.765869140625,0.234130859375
ghz,2,amplitude_damping,0.5,2,0.5312500016613034,0.814453125,0.185546875
ghz,2,phase_damping,0.0,2,0.9999999999999998,1.0,0.0
ghz,2,phase_damping,0.1,2,0.905000005195934,1.0,0.0
ghz,2,phase_damping,0.2,2,0.8200000068080192,1.0,0.0
ghz,2,phase_damping,0.3,2,0.7450000077237076,1.0,0.0
ghz,2,phase_damping,0.4,2,0.6800000082662214,1.0,0.0
ghz,2,phase_damping,0.5,2,0.625000008578932,1.0,0.0
ghz,2,bit_flip,0.0,4,0.9999999999999998,1.0,0.0
ghz,2,bit_flip,0.1,4,0.5838860799999993,0.5732421875,0.4267578125
ghz,2,bit_flip,0.2,4,0.5083980799999992,0.49853515625,0.50146484375
ghz,2,bit_flip,0.3,4,0.5003276799999997,0.489501953125,0.510498046875
ghz,2,bit_flip,0.4,4,0.5000012800000003,0.489501953125,0.510498046875
ghz,2,bit_flip,0.5,4,0.5000000000000009,0.489501953125,0.510498046875
ghz,2,phase_flip,0.0,4,0.9999999999999998,1.0,0.0
ghz,2,phase_flip,0.1,4,0.5838860887346957,1.0,0.0
ghz,2,phase_flip,0.2,4,0.5083980888590331,1.0,0.0
ghz,2,phase_flip,0.3,4,0.5003276888602814,1.0,0.0
ghz,2,phase_flip,0.4,4,0.5000012888602832,1.0,0.0
ghz,2,phase_flip,0.5,4,0.5000000088602843,1.0,0.0
ghz,2,depolarizing,0.0,4,0.9999999999999998,1.0,0.0
ghz,2,depolarizing,0.1,4,0.5728504125608979,0.705810546875,0.294189453125
ghz,2,depolarizing,0.2,4,0.37582912495523174,0.5732421875,0.4267578125
ghz,2,depolarizing,0.3,4,0.2932360121576069,0.521484375,0.478515625
ghz,2,depolarizing,0.4,4,0.2625971245020922,0.49853515625,0.50146484375
ghz,2,depolarizing,0.5,4,0.25292969194731263,0.4912109375,0.5087890625
ghz,2,amplitude_damping,0.0,4,0.9999999999999998,1.0,0.0
ghz,2,amplitude_damping,0.1,4,0.7152336069991699,0.76416015625,0.23583984375
ghz,2,amplitude_damping,0.2,4,0.5838860821426629,0.75390625,0.24609375
ghz,2,amplitude_damping,0.3,4,0.5288240066165759,0.822021484375,0.177978515625
ghz,2,amplitude_damping,0.4,4,0.5083980809994739,0.894775390625,0.105224609375
ghz,2,amplitude_damping,0.5,4,0.5019531255191573,0.9453125,0.0546875
ghz,2,phase_damping,0.0,4,0.9999999999999998,1.0,0.0
ghz,2,phase_damping,0.1,4,0.8280500066866248,1.0,0.0
ghz,2,phase_damping,0.2,4,0.7048000080829284,1.0,0.0
ghz,2,phase_damping,0.3,4,0.6200500086011037,1.0,0.0
ghz,2,phase_damping,0.4,4,0.5648000087855591,1.0,0.0
ghz,2,phase_damping,0.5,4,0.5312500088429613,1.0,0.0
ghz,3,bit_flip,0.0,1,0.9999999999999998,1.0,0.0
ghz,3,bit_flip,0.1,1,0.7299999999999992,0.72216796875,0.27783203125
ghz,3,bit_flip,0.2,1,0.5199999999999998,0.512451171875,0.487548828125
ghz,3,bit_flip,0.3,1,0.3699999999999998,0.356201171875,0.643798828125
ghz,3,bit_flip,0.4,1,0.28,0.2724609375,0.7275390625
ghz,3,bit_flip,0.5,1,0.2500000000000001,0.23876953125,0.76123046875
ghz,3,phase_flip,0.0,1,0.9999999999999998,1.0,0.0
ghz,3,phase_flip,0.1,1,0.7560000076108541,1.0,0.0
ghz,3,phase_flip,0.2,1,0.6080000086511216,1.0,0.0
ghz,3,phase_flip,0.3,1,0.5320000088421191,1.0,0.0
ghz,3,phase_flip,0.4,1,0.5040000088599998,1.0,0.0
ghz,3,phase_flip,0.5,1,0.5000000088602837,1.0,0.0
ghz,3,depolarizing,0.0,1,0.9999999999999998,1.0,0.0
ghz,3,depolarizing,0.1,1,0.7932500040005451,0.851318359375,0.148681640625
ghz,3,depolarizing,0.2,1,0.6210000046103792,0.72216796875,0.27783203125
ghz,3,depolarizing,0.3,1,0.48025000454954003,0.60888671875,0.39111328125
ghz,3,depolarizing,0.4,1,0.3680000041910544,0.512451171875,0.487548828125
ghz,3,depolarizing,0.5,1,0.2812500037147866,0.426513671875,0.573486328125
ghz,3,amplitude_damping,0.0,1,0.9999999999999998,1.0,0.0
ghz,3,amplitude_damping,0.1,1,0.8594074843619586,0.86181640625,0.13818359375
ghz,3,amplitude_damping,0.2,1,0.7377708769670241,0.7529296875,0.2470703125
ghz,3,amplitude_damping,0.3,1,0.6353310101395877,0.66943359375,0.33056640625
ghz,3,amplitude_damping,0.4,1,0.5523790018141973,0.630859375,0.369140625
ghz,3,amplitude_damping,0.5,1,0.48927669640417243,0.616943359375,0.383056640625
ghz,3,phase_damping,0.0,1,0.9999999999999998,1.0,0.0
ghz,3,phase_damping,0.1,1,0.9269074887351864,1.0,0.0
ghz,3,phase_damping,0.2,1,0.8577708825894934,1.0,0.0
ghz,3,phase_damping,0.3,1,0.792831016468676,1.0,0.0
ghz,3,phase_damping,0.4,1,0.7323790086176738,1.0,0.0
ghz,3,phase_damping,0.5,1,0.6767767035846736,1.0,0.0
ghz,3,bit_flip,0.0,2,0.9999999999999998,1.0,0.0
ghz,3,bit_flip,0.1,2,0.5571999999999995,0.54931640625,0.45068359375
ghz,3,bit_flip,0.2,2,0.3471999999999994,0.3349609375,0.6650390625
ghz,3,bit_flip,0.3,2,0.2692,0.259765625,0.740234375
ghz,3,bit_flip,0.4,2,0.2512000000000001,0.239990234375,0.760009765625
ghz,3,bit_flip,0.5,2,0.2500000000000001,0.23876953125,0.76123046875
ghz,3,phase_flip,0.0,2,0.9999999999999998,1.0,0.0
ghz,3,phase_flip,0.1,2,0.631072008550428,1.0,0.0
ghz,3,phase_flip,0.2,2,0.5233280088506342,1.0,0.0
ghz,3,phase_flip,0.3,2,0.5020480088602088,1.0,0.0
ghz,3,phase_flip,0.4,2,0.5000320088602834,1.0,0.0
ghz,3,phase_flip,0.5,2,0.5000000088602838,1.0,0.0
ghz,3,depolarizing,0.0,2,0.9999999999999998,1.0,0.0
ghz,3,depolarizing,0.1,2,0.6367580045889574,0.73486328125,0.26513671875
ghz,3,depolarizing,0.2,2,0.40967200435645246,0.54931640625,0.45068359375
ghz,3,depolarizing,0.3,2,0.27386200366523694,0.419189453125,0.580810546875
ghz,3,depolarizing,0.4,2,0.1969280030483889,0.3349609375,0.6650390625
ghz,3,depolarizing,0.5,2,0.15625000262675112,0.285400390625,0.714599609375
ghz,3,amplitude_damping,0.0,2,0.9999999999999998,1.0,0.0
ghz,3,amplitude_damping,0.1,2,0.7490750005349398,0.762939453125,0.237060546875
ghz,3,amplitude_damping,0.2,2,0.5832000009798762,0.644287109375,0.355712890625
ghz,3,amplitude_damping,0.3,2,0.48407500110687096,0.6171875,0.3828125
ghz,3,amplitude_damping,0.4,2,0.43520000097987666,0.65087890625,0.34912109375
ghz,3,amplitude_damping,0.5,2,0.4218750007193655,0.719482421875,0.280517578125
ghz,3,phase_damping,0.0,2,0.9999999999999998,1.0,0.0
ghz,3,phase_damping,0.1,2,0.8645000060649849,1.0,0.0
ghz,3,phase_damping,0.2,2,0.7560000076108532,1.0,0.0
ghz,3,phase_damping,0.3,2,0.6715000083227778,1.0,0.0
ghz,3,phase_damping,0.4,2,0.6080000086511216,1.0,0.0
ghz,3,phase_damping,0.5,2,0.5625000087907903,1.0,0.0
ghz,3,bit_flip,0.0,4,0.9999999999999998,1.0,0.0
ghz,3,bit_flip,0.1,4,0.37582911999999935,0.362548828125,0.637451171875
ghz,3,bit_flip,0.2,4,0.26259711999999963,0.252685546875,0.747314453125
ghz,3,bit_flip,0.3,4,0.25049151999999997,0.2392578125,0.7607421875
ghz,3,bit_flip,0.4,4,0.2500019200000002,0.23876953125,0.76123046875
ghz,3,bit_flip,0.5,4,0.25000000000000044,0.23876953125,0.76123046875
ghz,3,phase_flip,0.0,4,0.9999999999999998,1.0,0.0
ghz,3,phase_flip,0.1,4,0.5343597472073369,1.0,0.0
ghz,3,phase_flip,0.2,4,0.5010884000282618,1.0,0.0
ghz,3,phase_flip,0.3,4,0.5000083974682831,1.0,0.0
ghz,3,phase_flip,0.4,4,0.5000000109082837,1.0,0.0
ghz,3,phase_flip,0.5,4,0.5000000088602846,1.0,0.0
ghz,3,depolarizing,0.0,4,0.9999999999999998,1.0,0.0
ghz,3,depolarizing,0.1,4,0.4276399764063641,0.562255859375,0.437744140625
ghz,3,depolarizing,0.2,4,0.22227430164181392,0.362548828125,0.637451171875
ghz,3,depolarizing,0.3,4,0.1535386499457581,0.283447265625,0.716552734375
ghz,3,depolarizing,0.4,4,0.132386953494605,0.252685546875,0.747314453125
ghz,3,depolarizing,0.5,4,0.12658691630352784,0.241455078125,0.758544921875
ghz,3,amplitude_damping,0.0,4,0.9999999999999998,1.0,0.0
ghz,3,amplitude_damping,0.1,4,0.5964959084496217,0.653564453125,0.346435546875
ghz,3,amplitude_damping,0.2,4,0.44970112105367605,0.6328125,0.3671875
ghz,3,amplitude_damping,0.3,4,0.4219855081905112,0.72802734375,0.27197265625
ghz,3,amplitude_damping,0.4,4,0.43872512033568595,0.838623046875,0.161376953125
ghz,3,amplitude_damping,0.5,4,0.4638671876256683,0.919189453125,0.080810546875
ghz,3,phase_damping,0.0,4,0.9999999999999998,1.0,0.0
ghz,3,phase_damping,0.1,4,0.7657205075055038,1.0,0.0
ghz,3,phase_damping,0.2,4,0.6310720085504279,1.0,0.0
ghz,3,phase_damping,0.3,4,0.558824508798751,1.0,0.0
ghz,3,phase_damping,0.4,4,0.5233280088506345,1.0,0.0
ghz,3,phase_damping,0.5,4,0.5078125088592025,1.0,0.0
ghz,4,bit_flip,0.0,1,1.0000000000000009,1.0,0.0
ghz,4,bit_flip,0.1,1,0.6561999999999996,0.644287109375,0.355712890625
ghz,4,bit_flip,0.2,1,0.41119999999999984,0.396484375,0.603515625
ghz,4,bit_flip,0.3,1,0.24819999999999987,0.2373046875,0.7626953125
ghz,4,bit_flip,0.4,1,0.15520000000000003,0.146240234375,0.853759765625
ghz,4,bit_flip,0.5,1,0.12500000000000006,0.114013671875,0.885986328125
ghz,4,phase_flip,0.0,1,1.0000000000000009,1.0,0.0
ghz,4,phase_flip,0.1,1,0.7048000073277478,1.0,0.0
ghz,4,phase_flip,0.2,1,0.5648000079647334,1.0,0.0
ghz,4,phase_flip,0.3,1,0.5128000080298436,1.0,0.0
ghz,4,phase_flip,0.4,1,0.5008000080324665,1.0,0.0
ghz,4,phase_flip,0.5,1,0.5000000080324768,1.0,0.0
ghz,4,depolarizing,0.0,1,1.0000000000000009,1.0,0.0
ghz,4,depolarizing,0.1,1,0.7353062538769775,0.8046875,0.1953125
ghz,4,depolarizing,0.2,1,0.5329000041179764,0.644287109375,0.355712890625
ghz,4,depolarizing,0.3,1,0.3813062537277205,0.515380859375,0.484619140625
ghz,4,depolarizing,0.4,1,0.2704000031346145,0.396484375,0.603515625
ghz,4,depolarizing,0.5,1,0.19140625252344876,0.308837890625,0.691162109375
ghz,4,amplitude_damping,0.0,1,1.0000000000000009,1.0,0.0
ghz,4,amplitude_damping,0.1,1,0.8190500000650628,0.81982421875,0.18017578125
ghz,4,amplitude_damping,0.2,1,0.6728000002056308,0.69189453125,0.30810546875
ghz,4,amplitude_damping,0.3,1,0.557050000354232,0.61083984375,0.38916015625
ghz,4,amplitude_damping,0.4,1,0.46880000046267134,0.564453125,0.435546875
ghz,4,amplitude_damping,0.5,1,0.4062500005020298,0.55810546875,0.44189453125
ghz,4,phase_damping,0.0,1,1.0000000000000009,1.0,0.0
ghz,4,phase_damping,0.1,1,0.9050000047104835,1.0,0.0
ghz,4,phase_damping,0.2,1,0.8200000061719532,1.0,0.0
ghz,4,phase_damping,0.3,1,0.7450000070020893,1.0,0.0
ghz,4,phase_damping,0.4,1,0.6800000074939171,1.0,0.0
ghz,4,phase_damping,0.5,1,0.6250000077774114,1.0,0.0
ghz,4,bit_flip,0.0,2,1.0000000000000009,1.0,0.0
ghz,4,bit_flip,0.1,2,0.45317151999999933,0.4423828125,0.5576171875
ghz,4,bit_flip,0.2,2,0.22429951999999972,0.211669921875,0.788330078125
ghz,4,bit_flip,0.3,2,0.14428191999999995,0.133544921875,0.866455078125
ghz,4,bit_flip,0.4,2,0.12620031999999998,0.11474609375,0.88525390625
ghz,4,bit_flip,0.5,2,0.12500000000000025,0.114013671875,0.885986328125
ghz,4,phase_flip,0.0,2,1.0000000000000009,1.0,0.0
ghz,4,phase_flip,0.1,2,0.5838860879186221,1.0,0.0
ghz,4,phase_flip,0.2,2,0.5083980880313428,1.0,0.0
ghz,4,phase_flip,0.3,2,0.5003276880324747,1.0,0.0
ghz,4,phase_flip,0.4,2,0.5000012880324761,1.0,0.0
ghz,4,phase_flip,0.5,2,0.5000000080324773,1.0,0.0
ghz,4,depolarizing,0.0,2,1.0000000000000009,1.0,0.0
ghz,4,depolarizing,0.1,2,0.5506753097582733,0.65869140625,0.34130859375
ghz,4,depolarizing,0.2,2,0.3104718433814432,0.4423828125,0.5576171875
ghz,4,depolarizing,0.3,2,0.18496450809027845,0.301025390625,0.698974609375
ghz,4,depolarizing,0.4,2,0.12054784179662212,0.211669921875,0.788330078125
ghz,4,depolarizing,0.5,2,0.08813476700914853,0.158935546875,0.841064453125
ghz,4,amplitude_damping,0.0,2,1.0000000000000009,1.0,0.0
ghz,4,amplitude_damping,0.1,2,0.6859926051902503,0.704833984375,0.295166015625
ghz,4,amplitude_damping,0.2,2,0.5009420804263967,0.579345703125,0.420654296875
ghz,4,amplitude_damping,0.3,2,0.4013750055016287,0.558349609375,0.441650390625
ghz,4,amplitude_damping,0.4,2,0.36094208042639764,0.58935546875,0.41064453125
ghz,4,amplitude_damping,0.5,2,0.36132812528239194,0.66162109375,0.33837890625
ghz,4,phase_damping,0.0,2,1.0000000000000009,1.0,0.0
ghz,4,phase_damping,0.1,2,0.8280500060619002,1.0,0.0
ghz,4,phase_damping,0.2,2,0.7048000073277484,1.0,0.0
ghz,4,phase_damping,0.3,2,0.6200500077975117,1.0,0.0
ghz,4,phase_damping,0.4,2,0.5648000079647335,1.0,0.0
ghz,4,phase_damping,0.5,2,0.5312500080167726,1.0,0.0
ghz,4,bit_flip,0.0,4,1.0000000000000009,1.0,0.0
ghz,4,bit_flip,0.1,4,0.25434755720888247,0.243896484375,0.756103515625
ghz,4,bit_flip,0.2,4,0.1376323838738429,0.126708984375,0.873291015625
ghz,4,bit_flip,0.3,4,0.1254915736870912,0.1142578125,0.8857421875
ghz,4,bit_flip,0.4,4,0.12500192000081947,0.114013671875,0.885986328125
ghz,4,bit_flip,0.5,4,0.12500000000000033,0.114013671875,0.885986328125
ghz,4,phase_flip,0.0,4,1.0000000000000009,1.0,0.0
ghz,4,phase_flip,0.1,4,0.5140737568648255,1.0,0.0
ghz,4,phase_flip,0.2,4,0.5001410635278479,1.0,0.0
ghz,4,phase_flip,0.3,4,0.5000002227808409,1.0,0.0
ghz,4,phase_flip,0.4,4,0.5000000080357531,1.0,0.0
ghz,4,phase_flip,0.5,4,0.500000008032478,1.0,0.0
ghz,4,depolarizing,0.0,4,1.0000000000000009,1.0,0.0
ghz,4,depolarizing,0.1,4,0.328157592851234,0.461181640625,0.538818359375
ghz,4,depolarizing,0.2,4,0.1412475294704665,0.243896484375,0.756103515625
ghz,4,depolarizing,0.3,4,0.08598735744896556,0.15625,0.84375
ghz,4,depolarizing,0.4,4,0.06895724853782098,0.126708984375,0.873291015625
ghz,4,depolarizing,0.5,4,0.06397342784645531,0.1162109375,0.8837890625
ghz,4,amplitude_damping,0.0,4,1.0000000000000009,1.0,0.0
ghz,4,amplitude_damping,0.1,4,0.5150558933705268,0.586181640625,0.413818359375
ghz,4,amplitude_damping,0.2,4,0.37129859256927766,0.571533203125,0.428466796875
ghz,4,amplitude_damping,0.3,4,0.3630163795948711,0.670654296875,0.329345703125
ghz,4,amplitude_damping,0.4,4,0.4019565932615841,0.791015625,0.208984375
ghz,4,amplitude_damping,0.5,4,0.4450759887971089,0.8935546875,0.1064453125
ghz,4,phase_damping,0.0,4,1.0000000000000009,1.0,0.0
ghz,4,phase_damping,0.1,4,0.7152336122501629,1.0,0.0
ghz,4,phase_damping,0.2,4,0.5838860879186216,1.0,0.0
ghz,4,phase_damping,0.3,4,0.5288240130191181,1.0,0.0
ghz,4,phase_damping,0.4,4,0.5083980880313435,1.0,0.0
ghz,4,phase_damping,0.5,4,0.5019531330324158,1.0,0.0
ghz,5,bit_flip,0.0,1,1.0000000000000044,1.0,0.0
ghz,5,bit_flip,0.1,1,0.5905000281827953,0.58154296875,0.41845703125
ghz,5,bit_flip,0.2,1,0.3280000292904802,0.318115234375,0.681884765625
ghz,5,bit_flip,0.3,1,0.17050002425220132,0.157470703125,0.842529296875
ghz,5,bit_flip,0.4,1,0.08800001843272733,0.080810546875,0.919189453125
ghz,5,bit_flip,0.5,1,0.0625000157605067,0.05712890625,0.94287109375
ghz,5,phase_flip,0.0,1,1.0000000000000044,1.0,0.0
ghz,5,phase_flip,0.1,1,0.6638400075889965,1.0,0.0
ghz,5,phase_flip,0.2,1,0.5388800080081572,1.0,0.0
ghz,5,phase_flip,0.3,1,0.5051200080320583,1.0,0.0
ghz,5,phase_flip,0.4,1,0.5001600080324784,1.0,0.0
ghz,5,phase_flip,0.5,1,0.5000000080324796,1.0,0.0
ghz,5,depolarizing,0.0,1,1.0000000000000044,1.0,0.0
ghz,5,depolarizing,0.1,1,0.6821356581582303,0.765625,0.234375
ghz,5,depolarizing,0.2,1,0.4590900390888032,0.58154296875,0.41845703125
ghz,5,depolarizing,0.3,1,0.3059256635139125,0.433349609375,0.566650390625
ghz,5,depolarizing,0.4,1,0.202880035137526,0.318115234375,0.681884765625
ghz,5,depolarizing,0.5,1,0.13476565576068247,0.2265625,0.7734375
ghz,5,amplitude_damping,0.0,1,1.0000000000000044,1.0,0.0
ghz,5,amplitude_damping,0.1,1,0.7818417616561185,0.78759765625,0.21240234375
ghz,5,amplitude_damping,0.2,1,0.618216736313656,0.6513671875,0.3486328125
ghz,5,amplitude_damping,0.3,1,0.49760674545114375,0.57275390625,0.42724609375
ghz,5,amplitude_damping,0.4,1,0.4114274398438316,0.53662109375,0.46337890625
ghz,5,amplitude_damping,0.5,1,0.35401338540872,0.527099609375,0.472900390625
ghz,5,phase_damping,0.0,1,1.0000000000000044,1.0,0.0
ghz,5,phase_damping,0.1,1,0.8842167408506819,1.0,0.0
ghz,5,phase_damping,0.2,1,0.786216707706215,1.0,0.0
ghz,5,phase_damping,0.3,1,0.7049817138272887,1.0,0.0
ghz,5,phase_damping,0.4,1,0.6394274081773248,1.0,0.0
ghz,5,phase_damping,0.5,1,0.5883883555542946,1.0,0.0
ghz,5,bit_flip,0.0,2,1.0000000000000044,1.0,0.0
ghz,5,bit_flip,0.1,2,0.3709288297935434,0.356689453125,0.643310546875
ghz,5,bit_flip,0.2,2,0.148748823019383,0.139892578125,0.860107421875
ghz,5,bit_flip,0.3,2,0.07870481752758712,0.072021484375,0.927978515625
ghz,5,bit_flip,0.4,2,0.06350081587769069,0.058349609375,0.941650390625
ghz,5,bit_flip,0.5,2,0.06250001576050676,0.05712890625,0.94287109375
ghz,5,phase_flip,0.0,2,1.0000000000000044,1.0,0.0
ghz,5,phase_flip,0.1,2,0.5536870991860402,1.0,0.0
ghz,5,phase_flip,0.2,2,0.5030233168323319,1.0,0.0
ghz,5,phase_flip,0.3,2,0.5000524368324789,1.0,0.0
ghz,5,phase_flip,0.4,2,0.5000000592324795,1.0,0.0
ghz,5,phase_flip,0.5,2,0.5000000080324802,1.0,0.0
ghz,5,depolarizing,0.0,2,1.0000000000000044,1.0,0.0
ghz,5,depolarizing,0.1,2,0.47788101049096016,0.600830078125,0.399169921875
ghz,5,depolarizing,0.2,2,0.23915152788397243,0.356689453125,0.643310546875
ghz,5,depolarizing,0.3,2,0.12941254432201338,0.218994140625,0.781005859375
ghz,5,depolarizing,0.4,2,0.07739773347642442,0.139892578125,0.860107421875
ghz,5,depolarizing,0.5,2,0.05187990347200831,0.09375,0.90625
ghz,5,amplitude_damping,0.0,2,1.0000000000000044,1.0,0.0
ghz,5,amplitude_damping,0.1,2,0.6324765470651095,0.66162109375,0.33837890625
ghz,5,amplitude_damping,0.2,2,0.44219523951366096,0.546630859375,0.453369140625
ghz,5,amplitude_damping,0.3,2,0.34972255002033426,0.52587890625,0.47412109375
ghz,5,amplitude_damping,0.4,2,0.3172352334994057,0.5498046875,0.4501953125
ghz,5,amplitude_damping,0.5,2,0.32519534135226913,0.61669921875,0.38330078125
ghz,5,phase_damping,0.0,2,1.0000000000000044,1.0,0.0
ghz,5,phase_damping,0.1,2,0.795245006482573,1.0,0.0
ghz,5,phase_damping,0.2,2,0.6638400075889962,1.0,0.0
ghz,5,phase_damping,0.3,2,0.5840350079182177,1.0,0.0
ghz,5,phase_damping,0.4,2,0.5388800080081575,1.0,0.0
ghz,5,phase_damping,0.5,2,0.5156250080285569,1.0,0.0
ghz,5,bit_flip,0.0,4,1.0000000000000044,1.0,0.0
ghz,5,bit_flip,0.1,4,0.17615371756733114,0.16064453125,0.83935546875
ghz,5,bit_flip,0.2,4,0.07308577662905516,0.065673828125,0.934326171875
ghz,5,bit_flip,0.3,4,0.06290975002635246,0.0576171875,0.9423828125
ghz,5,bit_flip,0.4,4,0.06250161576274302,0.05712890625,0.94287109375
ghz,5,bit_flip,0.5,4,0.0625000157605069,0.05712890625,0.94287109375
ghz,5,phase_flip,0.0,4,1.0000000000000044,1.0,0.0
ghz,5,phase_flip,0.1,4,0.5057646155549784,1.0,0.0
ghz,5,phase_flip,0.2,4,0.5000182888246782,1.0,0.0
ghz,5,phase_flip,0.3,4,0.5000000135300373,1.0,0.0
ghz,5,phase_flip,0.4,4,0.5000000080324843,1.0,0.0
ghz,5,phase_flip,0.5,4,0.5000000080324813,1.0,0.0
ghz,5,depolarizing,0.0,4,1.0000000000000044,1.0,0.0
ghz,5,depolarizing,0.1,4,0.25551280811504146,0.375732421875,0.624267578125
ghz,5,depolarizing,0.2,4,0.0938414807816857,0.16064453125,0.83935546875
ghz,5,depolarizing,0.3,4,0.050183249342781906,0.091796875,0.908203125
ghz,5,depolarizing,0.4,4,0.03656117817024999,0.065673828125,0.934326171875
ghz,5,depolarizing,0.5,4,0.03247358071463472,0.05908203125,0.94091796875
ghz,5,amplitude_damping,0.0,4,1.0000000000000044,1.0,0.0
ghz,5,amplitude_damping,0.1,4,0.455935966914571,0.552490234375,0.447509765625
ghz,5,amplitude_damping,0.2,4,0.3245032066609553,0.537841796875,0.462158203125
ghz,5,amplitude_damping,0.3,4,0.32766971412538604,0.62353515625,0.37646484375
ghz,5,amplitude_damping,0.4,4,0.37792441292918777,0.75244140625,0.24755859375
ghz,5,amplitude_damping,0.5,4,0.4315376424815196,0.865966796875,0.134033203125
ghz,5,phase_damping,0.0,4,1.0000000000000044,1.0,0.0
ghz,5,phase_damping,0.1,4,0.6743392275783797,1.0,0.0
ghz,5,phase_damping,0.2,4,0.5536870991860405,1.0,0.0
ghz,5,phase_damping,0.3,4,0.514123770479274,1.0,0.0
ghz,5,phase_damping,0.4,4,0.5030233168323324,1.0,0.0
ghz,5,phase_damping,0.5,4,0.5004882892824765,1.0,0.0
ghz,6,bit_flip,0.0,1,1.0000000000000084,1.0,0.0
ghz,6,bit_flip,0.1,1,0.5314420375311953,0.526123046875,0.473876953125
ghz,6,bit_flip,0.2,1,0.2622080380764905,0.251953125,0.748046875
ghz,6,bit_flip,0.3,1,0.11837802967082624,0.108642578125,0.891357421875
ghz,6,bit_flip,0.4,1,0.050752020514658915,0.04736328125,0.95263671875
ghz,6,bit_flip,0.5,1,0.031250016285858,0.03173828125,0.96826171875
ghz,6,phase_flip,0.0,1,1.0000000000000084,1.0,0.0
ghz,6,phase_flip,0.1,1,0.631072007751577,1.0,0.0
ghz,6,phase_flip,0.2,1,0.5233280080237344,1.0,0.0
ghz,6,phase_flip,0.3,1,0.5020480080324146,1.0,0.0
ghz,6,phase_flip,0.4,1,0.5000320080324822,1.0,0.0
ghz,6,phase_flip,0.5,1,0.5000000080324828,1.0,0.0
ghz,6,depolarizing,0.0,1,1.0000000000000084,1.0,0.0
ghz,6,depolarizing,0.1,1,0.6332664951263361,0.72802734375,0.27197265625
ghz,6,depolarizing,0.2,1,0.3967930495762187,0.526123046875,0.473876953125
ghz,6,depolarizing,0.3,1,0.24740500145148178,0.36376953125,0.63623046875
ghz,6,depolarizing,0.4,1,0.15443204339801994,0.251953125,0.748046875
ghz,6,depolarizing,0.5,1,0.09692386539053649,0.162353515625,0.837646484375
ghz,6,amplitude_damping,0.0,1,1.0000000000000084,1.0,0.0
ghz,6,amplitude_damping,0.1,1,0.7473605345968505,0.759521484375,0.240478515625
ghz,6,amplitude_damping,0.2,1,0.5715520477715159,0.618896484375,0.381103515625
ghz,6,amplitude_damping,0.3,1,0.4510945533226703,0.549072265625,0.450927734375
ghz,6,amplitude_damping,0.4,1,0.3706880542474279,0.51904296875,0.48095703125
ghz,6,amplitude_damping,0.5,1,0.3203125522656882,0.507568359375,0.492431640625
ghz,6,phase_damping,0.0,1,1.0000000000000084,1.0,0.0
ghz,6,phase_damping,0.1,1,0.864500005498348,1.0,0.0
ghz,6,phase_damping,0.2,1,0.7560000068997864,1.0,0.0
ghz,6,phase_damping,0.3,1,0.6715000075451958,1.0,0.0
ghz,6,phase_damping,0.4,1,0.608000007842863,1.0,0.0
ghz,6,phase_damping,0.5,1,0.5625000079694816,1.0,0.0
ghz,6,bit_flip,0.0,2,1.0000000000000084,1.0,0.0
ghz,6,bit_flip,0.1,2,0.3040407226957344,0.291259765625,0.708740234375
ghz,6,bit_flip,0.2,2,0.0999412521586122,0.092041015625,0.907958984375
ghz,6,bit_flip,0.3,2,0.04355774338101599,0.040771484375,0.959228515625
ghz,6,bit_flip,0.4,2,0.032001216602005673,0.031982421875,0.968017578125
ghz,6,bit_flip,0.5,2,0.031250016285858016,0.03173828125,0.96826171875
ghz,6,phase_flip,0.0,2,1.0000000000000084,1.0,0.0
ghz,6,phase_flip,0.1,2,0.534359746381493,1.0,0.0
ghz,6,phase_flip,0.2,2,0.5010883992004624,1.0,0.0
ghz,6,phase_flip,0.3,2,0.5000083966404821,1.0,0.0
ghz,6,phase_flip,0.4,2,0.5000000100804827,1.0,0.0
ghz,6,phase_flip,0.5,2,0.5000000080324836,1.0,0.0
ghz,6,depolarizing,0.0,2,1.0000000000000084,1.0,0.0
ghz,6,depolarizing,0.1,2,0.4159169689307583,0.5419921875,0.4580078125
ghz,6,depolarizing,0.2,2,0.18638012580692567,0.291259765625,0.708740234375
ghz,6,depolarizing,0.3,2,0.09254664019618584,0.157958984375,0.842041015625
ghz,6,depolarizing,0.4,2,0.05105903220535078,0.092041015625,0.907958984375
ghz,6,depolarizing,0.5,2,0.03131487295984835,0.056640625,0.943359375
ghz,6,amplitude_damping,0.0,2,1.0000000000000084,1.0,0.0
ghz,6,amplitude_damping,0.1,2,0.5863396924546949,0.632568359375,0.367431640625
ghz,6,amplitude_damping,0.2,2,0.39879611907142093,0.52685546875,0.47314453125
ghz,6,amplitude_damping,0.3,2,0.3166839457018036,0.50830078125,0.49169921875
ghz,6,amplitude_damping,0.4,2,0.29105211117367363,0.531494140625,0.468505859375
ghz,6,amplitude_damping,0.5,2,0.3023682037278682,0.587646484375,0.412353515625
ghz,6,phase_damping,0.0,2,1.0000000000000084,1.0,0.0
ghz,6,phase_damping,0.1,2,0.7657205068042808,1.0,0.0
ghz,6,phase_damping,0.2,2,0.6310720077515768,1.0,0.0
ghz,6,phase_damping,0.3,2,0.558824507976699,1.0,0.0
ghz,6,phase_damping,0.4,2,0.5233280080237347,1.0,0.0
ghz,6,phase_damping,0.5,2,0.5078125080315021,1.0,0.0
ghz,6,bit_flip,0.0,4,1.0000000000000084,1.0,0.0
ghz,6,bit_flip,0.1,4,0.1232349436255484,0.11279296875,0.88720703125
ghz,6,bit_flip,0.2,4,0.03925560577392746,0.038330078125,0.961669921875
ghz,6,bit_flip,0.3,4,0.03155741769854698,0.03173828125,0.96826171875
ghz,6,bit_flip,0.4,4,0.031251216289232615,0.03173828125,0.96826171875
ghz,6,bit_flip,0.5,4,0.03125001628585807,0.03173828125,0.96826171875
ghz,6,phase_flip,0.0,4,1.0000000000000084,1.0,0.0
ghz,6,phase_flip,0.1,4,0.502361191273826,1.0,0.0
ghz,6,phase_flip,0.2,4,0.5000023772231499,1.0,0.0
ghz,6,phase_flip,0.3,4,0.5000000081732195,1.0,0.0
ghz,6,phase_flip,0.4,4,0.5000000080324822,1.0,0.0
ghz,6,phase_flip,0.5,4,0.5000000080324848,1.0,0.0
ghz,6,depolarizing,0.0,4,1.0000000000000084,1.0,0.0
ghz,6,depolarizing,0.1,4,0.20107553166174844,0.310546875,0.689453125
ghz,6,depolarizing,0.2,4,0.06397867168523638,0.11279296875,0.88720703125
ghz,6,depolarizing,0.3,4,0.030013955878407453,0.0546875,0.9453125
ghz,6,depolarizing,0.4,4,0.0196301814803507,0.038330078125,0.961669921875
ghz,6,depolarizing,0.5,4,0.016544151363722434,0.033203125,0.966796875
ghz,6,amplitude_damping,0.0,4,1.0000000000000084,1.0,0.0
ghz,6,amplitude_damping,0.1,4,0.4115699879841908,0.53271484375,0.46728515625
ghz,6,amplitude_damping,0.2,4,0.2961284804462909,0.516845703125,0.483154296875
ghz,6,amplitude_damping,0.3,4,0.30510553962097076,0.595458984375,0.404541015625
ghz,6,amplitude_damping,0.4,4,0.3597955511239924,0.71875,0.28125
ghz,6,amplitude_damping,0.5,4,0.41985564326966185,0.845947265625,0.154052734375
ghz,6,phase_damping,0.0,4,1.0000000000000084,1.0,0.0
ghz,6,phase_damping,0.1,4,0.6412147759459644,1.0,0.0
ghz,6,phase_damping,0.2,4,0.5343597463814933,1.0,0.0
ghz,6,phase_damping,0.3,4,0.5069206516322129,1.0,0.0
ghz,6,phase_damping,0.4,4,0.5010883992004632,1.0,0.0
ghz,6,phase_damping,0.5,4,0.5001220783449829,1.0,0.0
